method,support_size,metric,estimate,ci_low,ci_high,target_domain,n_trials
evidence_gated_topocap,0,macro_component_log_mae,0.5187297608668194,0.46831521279463645,0.5794635123688973,macro across held-out finger-count domains,100
evidence_gated_topocap,0,macro_relative_frobenius,0.37835749231238036,0.3575664521682983,0.3990196993390944,macro across held-out finger-count domains,100
evidence_gated_topocap,0,physical_valid_rate,1.0,1.0,1.0,macro across held-out finger-count domains,100
evidence_gated_topocap,1,macro_component_log_mae,0.6222093905640625,0.5478846581171105,0.7048283520743766,macro across held-out finger-count domains,100
evidence_gated_topocap,1,macro_relative_frobenius,0.9175602784669443,0.7085258491189613,1.1890249844846625,macro across held-out finger-count domains,100
evidence_gated_topocap,1,physical_valid_rate,1.0,1.0,1.0,macro across held-out finger-count domains,100
evidence_gated_topocap,1,paired_gain_vs_target_control,0.44911127197955025,0.3523368180380276,0.5825703411868747,macro across held-out finger-count domains,100
evidence_gated_topocap,2,macro_component_log_mae,0.5267877495080808,0.4672405563292252,0.5940947098927178,macro across held-out finger-count domains,100
evidence_gated_topocap,2,macro_relative_frobenius,0.6582130145299827,0.5183211770888186,0.836830886425033,macro across held-out finger-count domains,100
evidence_gated_topocap,2,physical_valid_rate,1.0,1.0,1.0,macro across held-out finger-count domains,100
evidence_gated_topocap,2,paired_gain_vs_target_control,0.32510348021005525,0.25012137331390755,0.40867706159755796,macro across held-out finger-count domains,100
evidence_gated_topocap,4,macro_component_log_mae,0.43008083378908274,0.37745220935237117,0.4970900239325862,macro across held-out finger-count domains,100
evidence_gated_topocap,4,macro_relative_frobenius,0.4055194020788905,0.37362087682125733,0.4382931798333174,macro across held-out finger-count domains,100
evidence_gated_topocap,4,physical_valid_rate,1.0,1.0,1.0,macro across held-out finger-count domains,100
evidence_gated_topocap,4,paired_gain_vs_target_control,0.18461903830948784,0.14298538912380923,0.2329316940098722,macro across held-out finger-count domains,100
evidence_gated_topocap,8,macro_component_log_mae,0.35786842556331394,0.2985241377031664,0.4414451862673188,macro across held-out finger-count domains,100
evidence_gated_topocap,8,macro_relative_frobenius,0.2966523280856511,0.2663912285273829,0.33436593740836895,macro across held-out finger-count domains,100
evidence_gated_topocap,8,physical_valid_rate,1.0,1.0,1.0,macro across held-out finger-count domains,100
evidence_gated_topocap,8,paired_gain_vs_target_control,0.06195520606723981,0.029021233103810863,0.09552328872896747,macro across held-out finger-count domains,100
evidence_gated_topocap,16,macro_component_log_mae,0.309789420970274,0.24991371764030035,0.39785468371514,macro across held-out finger-count domains,100
evidence_gated_topocap,16,macro_relative_frobenius,0.23962123165089685,0.2075705003928589,0.27362778035114477,macro across held-out finger-count domains,100
evidence_gated_topocap,16,physical_valid_rate,1.0,1.0,1.0,macro across held-out finger-count domains,100
evidence_gated_topocap,16,paired_gain_vs_target_control,0.019727242691000905,0.004985388982703488,0.03365526380930622,macro across held-out finger-count domains,100
evidence_gated_topocap,32,macro_component_log_mae,0.24237105954388002,0.1939675309798931,0.3175026714325687,macro across held-out finger-count domains,100
evidence_gated_topocap,32,macro_relative_frobenius,0.17839738815788658,0.14731529450624817,0.21543798599613537,macro across held-out finger-count domains,100
evidence_gated_topocap,32,physical_valid_rate,1.0,1.0,1.0,macro across held-out finger-count domains,100
evidence_gated_topocap,32,paired_gain_vs_target_control,0.04736822755236958,0.03693676482811938,0.05875710996139724,macro across held-out finger-count domains,100
evidence_gated_topocap,64,macro_component_log_mae,0.20963869234715887,0.16383555265668678,0.2794077897191044,macro across held-out finger-count domains,100
evidence_gated_topocap,64,macro_relative_frobenius,0.146750422151313,0.1174420078267521,0.18315771320572677,macro across held-out finger-count domains,100
evidence_gated_topocap,64,physical_valid_rate,1.0,1.0,1.0,macro across held-out finger-count domains,100
evidence_gated_topocap,64,paired_gain_vs_target_control,0.06962491471571124,0.052721488291968883,0.086919734886702,macro across held-out finger-count domains,100
evidence_gated_topocap,128,macro_component_log_mae,0.19363395903410086,0.1487579156209904,0.26525869155775356,macro across held-out finger-count domains,100
evidence_gated_topocap,128,macro_relative_frobenius,0.131465420726182,0.10632030596834653,0.16370979435110716,macro across held-out finger-count domains,100
evidence_gated_topocap,128,physical_valid_rate,1.0,1.0,1.0,macro across held-out finger-count domains,100
evidence_gated_topocap,128,paired_gain_vs_target_control,0.08153880921628495,0.06320523090235175,0.09983114577533286,macro across held-out finger-count domains,100
shuffled_source_ebra,0,macro_component_log_mae,0.9570701972941539,0.8041049133491884,1.1141255073424718,macro across held-out finger-count domains,100
shuffled_source_ebra,0,macro_relative_frobenius,0.6019079340361179,0.5307775290842528,0.6748783550941456,macro across held-out finger-count domains,100
shuffled_source_ebra,0,physical_valid_rate,1.0,1.0,1.0,macro across held-out finger-count domains,100
shuffled_source_ebra,1,macro_component_log_mae,0.6457916455908681,0.5453551484728514,0.7552396258287233,macro across held-out finger-count domains,100
shuffled_source_ebra,1,macro_relative_frobenius,0.8046902600533439,0.5366005123564115,1.225371315053359,macro across held-out finger-count domains,100
shuffled_source_ebra,1,physical_valid_rate,1.0,1.0,1.0,macro across held-out finger-count domains,100
shuffled_source_ebra,1,paired_gain_vs_target_control,0.4255290169527446,0.3399828433451618,0.5363292924945912,macro across held-out finger-count domains,100
shuffled_source_ebra,2,macro_component_log_mae,0.5191890838908138,0.4397546308489756,0.6135110985960327,macro across held-out finger-count domains,100
shuffled_source_ebra,2,macro_relative_frobenius,0.5022075257218105,0.403446234891001,0.609883394295307,macro across held-out finger-count domains,100
shuffled_source_ebra,2,physical_valid_rate,1.0,1.0,1.0,macro across held-out finger-count domains,100
shuffled_source_ebra,2,paired_gain_vs_target_control,0.33270214582732216,0.26583872051452084,0.4001879707489655,macro across held-out finger-count domains,100
shuffled_source_ebra,4,macro_component_log_mae,0.4495518795273184,0.3779991875245665,0.538056974798262,macro across held-out finger-count domains,100
shuffled_source_ebra,4,macro_relative_frobenius,0.42409393462394807,0.3650226915493932,0.4936940229094433,macro across held-out finger-count domains,100
shuffled_source_ebra,4,physical_valid_rate,1.0,1.0,1.0,macro across held-out finger-count domains,100
shuffled_source_ebra,4,paired_gain_vs_target_control,0.16514799257125218,0.11694919314207791,0.21381438887128387,macro across held-out finger-count domains,100
shuffled_source_ebra,8,macro_component_log_mae,0.37150574495207456,0.3046164105889898,0.4487713830936604,macro across held-out finger-count domains,100
shuffled_source_ebra,8,macro_relative_frobenius,0.31478862270836255,0.2856644089217665,0.34679011116416086,macro across held-out finger-count domains,100
shuffled_source_ebra,8,physical_valid_rate,1.0,1.0,1.0,macro across held-out finger-count domains,100
shuffled_source_ebra,8,paired_gain_vs_target_control,0.04831788667847917,0.0023216303996671916,0.09150894851983148,macro across held-out finger-count domains,100
shuffled_source_ebra,16,macro_component_log_mae,0.31989951017804147,0.26695578524164143,0.38926647891703875,macro across held-out finger-count domains,100
shuffled_source_ebra,16,macro_relative_frobenius,0.2569580245380453,0.23468532761726824,0.2803001099531707,macro across held-out finger-count domains,100
shuffled_source_ebra,16,physical_valid_rate,1.0,1.0,1.0,macro across held-out finger-count domains,100
shuffled_source_ebra,16,paired_gain_vs_target_control,0.009617153483233437,-0.016778735481907135,0.037461312035334364,macro across held-out finger-count domains,100
shuffled_source_ebra,32,macro_component_log_mae,0.29461941383130313,0.24194609534492734,0.3653284479871124,macro across held-out finger-count domains,100
shuffled_source_ebra,32,macro_relative_frobenius,0.23695393814000454,0.2112048802756355,0.2649406079521526,macro across held-out finger-count domains,100
shuffled_source_ebra,32,physical_valid_rate,1.0,1.0,1.0,macro across held-out finger-count domains,100
shuffled_source_ebra,32,paired_gain_vs_target_control,-0.004880126735053568,-0.02187512856357927,0.01253059318760563,macro across held-out finger-count domains,100
shuffled_source_ebra,64,macro_component_log_mae,0.28447427773960254,0.23263734618470605,0.35460029942093096,macro across held-out finger-count domains,100
shuffled_source_ebra,64,macro_relative_frobenius,0.22918748490782948,0.19915297507635613,0.2601859905222035,macro across held-out finger-count domains,100
shuffled_source_ebra,64,physical_valid_rate,1.0,1.0,1.0,macro across held-out finger-count domains,100
shuffled_source_ebra,64,paired_gain_vs_target_control,-0.005210670676732463,-0.014166275083136743,0.004161433683935222,macro across held-out finger-count domains,100
shuffled_source_ebra,128,macro_component_log_mae,0.2762500575989585,0.22420896865252984,0.3436075007171197,macro across held-out finger-count domains,100
shuffled_source_ebra,128,macro_relative_frobenius,0.22356045863110036,0.19115260527513137,0.256472613375855,macro across held-out finger-count domains,100
shuffled_source_ebra,128,physical_valid_rate,1.0,1.0,1.0,macro across held-out finger-count domains,100
shuffled_source_ebra,128,paired_gain_vs_target_control,-0.001077289348572785,-0.0063054752237530435,0.004242044886852569,macro across held-out finger-count domains,100
shuffled_source_retrieval_2048_ebra,1,macro_component_log_mae,0.5540111109873188,0.4540239558547252,0.667214120559272,macro across held-out finger-count domains,100
shuffled_source_retrieval_2048_ebra,1,macro_relative_frobenius,0.49825459410114503,0.4258120253093153,0.5843516852328016,macro across held-out finger-count domains,100
shuffled_source_retrieval_2048_ebra,1,physical_valid_rate,1.0,1.0,1.0,macro across held-out finger-count domains,100
shuffled_source_retrieval_2048_ebra,1,paired_gain_vs_target_control,0.5173095515562939,0.4078564525277982,0.6359368631230976,macro across held-out finger-count domains,100
shuffled_source_retrieval_2048_ebra,2,macro_component_log_mae,0.4886203551461551,0.3999132404247798,0.6031153672320698,macro across held-out finger-count domains,100
shuffled_source_retrieval_2048_ebra,2,macro_relative_frobenius,0.4578349632083164,0.37370734760814006,0.5636406730076184,macro across held-out finger-count domains,100
shuffled_source_retrieval_2048_ebra,2,physical_valid_rate,1.0,1.0,1.0,macro across held-out finger-count domains,100
shuffled_source_retrieval_2048_ebra,2,paired_gain_vs_target_control,0.36327087457198076,0.30008958169990707,0.42529763960715994,macro across held-out finger-count domains,100
shuffled_source_retrieval_2048_ebra,4,macro_component_log_mae,0.443827121577979,0.3640318995774281,0.547367427072991,macro across held-out finger-count domains,100
shuffled_source_retrieval_2048_ebra,4,macro_relative_frobenius,0.4210942790190062,0.35642890173824265,0.499834941619036,macro across held-out finger-count domains,100
shuffled_source_retrieval_2048_ebra,4,physical_valid_rate,1.0,1.0,1.0,macro across held-out finger-count domains,100
shuffled_source_retrieval_2048_ebra,4,paired_gain_vs_target_control,0.17087275052059156,0.12575455202078192,0.21333832817811743,macro across held-out finger-count domains,100
shuffled_source_retrieval_2048_ebra,8,macro_component_log_mae,0.3631686495086701,0.2946547974010991,0.45219424901068717,macro across held-out finger-count domains,100
shuffled_source_retrieval_2048_ebra,8,macro_relative_frobenius,0.31689109860157305,0.27646194740025903,0.361542890239631,macro across held-out finger-count domains,100
shuffled_source_retrieval_2048_ebra,8,physical_valid_rate,1.0,1.0,1.0,macro across held-out finger-count domains,100
shuffled_source_retrieval_2048_ebra,8,paired_gain_vs_target_control,0.056654982121883614,0.020017662133812505,0.09037409187368954,macro across held-out finger-count domains,100
shuffled_source_retrieval_2048_ebra,16,macro_component_log_mae,0.3070447028674534,0.2464899627983012,0.38778149373086884,macro across held-out finger-count domains,100
shuffled_source_retrieval_2048_ebra,16,macro_relative_frobenius,0.2357215010082963,0.2079962035065791,0.26467089425295964,macro across held-out finger-count domains,100
shuffled_source_retrieval_2048_ebra,16,physical_valid_rate,1.0,1.0,1.0,macro across held-out finger-count domains,100
shuffled_source_retrieval_2048_ebra,16,paired_gain_vs_target_control,0.022471960793821487,-0.005547882788690219,0.04954340339841728,macro across held-out finger-count domains,100
shuffled_source_retrieval_2048_ebra,32,macro_component_log_mae,0.2838392088100633,0.22685519982162103,0.3553670492710208,macro across held-out finger-count domains,100
shuffled_source_retrieval_2048_ebra,32,macro_relative_frobenius,0.20845168144409784,0.1833904114349504,0.23616124802564367,macro across held-out finger-count domains,100
shuffled_source_retrieval_2048_ebra,32,physical_valid_rate,1.0,1.0,1.0,macro across held-out finger-count domains,100
shuffled_source_retrieval_2048_ebra,32,paired_gain_vs_target_control,0.005900078286186354,-0.020682071155751023,0.03379499600157114,macro across held-out finger-count domains,100
shuffled_source_retrieval_2048_ebra,64,macro_component_log_mae,0.27988109337211337,0.22708115353482458,0.3441608216360841,macro across held-out finger-count domains,100
shuffled_source_retrieval_2048_ebra,64,macro_relative_frobenius,0.20988511172850471,0.1812579226815011,0.24099169879618912,macro across held-out finger-count domains,100
shuffled_source_retrieval_2048_ebra,64,physical_valid_rate,1.0,1.0,1.0,macro across held-out finger-count domains,100
shuffled_source_retrieval_2048_ebra,64,paired_gain_vs_target_control,-0.0006174863092432515,-0.02063663726519015,0.020689188223938147,macro across held-out finger-count domains,100
shuffled_source_retrieval_2048_ebra,128,macro_component_log_mae,0.2767437548446935,0.2247476640439388,0.33837284000446105,macro across held-out finger-count domains,100
shuffled_source_retrieval_2048_ebra,128,macro_relative_frobenius,0.21274448652829028,0.1798141072611822,0.2501784607618896,macro across held-out finger-count domains,100
shuffled_source_retrieval_2048_ebra,128,physical_valid_rate,1.0,1.0,1.0,macro across held-out finger-count domains,100
shuffled_source_retrieval_2048_ebra,128,paired_gain_vs_target_control,-0.0015709865943077648,-0.01830074786820324,0.016003922026460417,macro across held-out finger-count domains,100
shuffled_v0_gaussian64_ebra,0,macro_component_log_mae,0.9654729338866403,0.8030256033382139,1.1172837980068069,macro across held-out finger-count domains,100
shuffled_v0_gaussian64_ebra,0,macro_relative_frobenius,0.606516532516953,0.5250068394079165,0.6783140541176902,macro across held-out finger-count domains,100
shuffled_v0_gaussian64_ebra,0,physical_valid_rate,1.0,1.0,1.0,macro across held-out finger-count domains,100
shuffled_v0_gaussian64_ebra,1,macro_component_log_mae,0.6110962786131334,0.4952092023478939,0.7286219594923253,macro across held-out finger-count domains,100
shuffled_v0_gaussian64_ebra,1,macro_relative_frobenius,0.436923405365626,0.3732617712770042,0.5024853090034578,macro across held-out finger-count domains,100
shuffled_v0_gaussian64_ebra,1,physical_valid_rate,1.0,1.0,1.0,macro across held-out finger-count domains,100
shuffled_v0_gaussian64_ebra,1,paired_gain_vs_target_control,0.46022438393047926,0.26866186094712624,0.6673908893275565,macro across held-out finger-count domains,100
shuffled_v0_gaussian64_ebra,2,macro_component_log_mae,0.5580445432606027,0.4603523117951121,0.6560976356988565,macro across held-out finger-count domains,100
shuffled_v0_gaussian64_ebra,2,macro_relative_frobenius,0.42484690846725315,0.3709889142253543,0.4827745488710198,macro across held-out finger-count domains,100
shuffled_v0_gaussian64_ebra,2,physical_valid_rate,1.0,1.0,1.0,macro across held-out finger-count domains,100
shuffled_v0_gaussian64_ebra,2,paired_gain_vs_target_control,0.2938466864575332,0.16139417080456697,0.43204115997621145,macro across held-out finger-count domains,100
shuffled_v0_gaussian64_ebra,4,macro_component_log_mae,0.4878230073813823,0.4021954186475295,0.5845243012886987,macro across held-out finger-count domains,100
shuffled_v0_gaussian64_ebra,4,macro_relative_frobenius,0.39029129923857137,0.34006114518910074,0.44252720625835096,macro across held-out finger-count domains,100
shuffled_v0_gaussian64_ebra,4,physical_valid_rate,1.0,1.0,1.0,macro across held-out finger-count domains,100
shuffled_v0_gaussian64_ebra,4,paired_gain_vs_target_control,0.12687686471718826,0.01783502285980025,0.2222440535620592,macro across held-out finger-count domains,100
shuffled_v0_gaussian64_ebra,8,macro_component_log_mae,0.41420638746274313,0.3320047440246394,0.499426616319509,macro across held-out finger-count domains,100
shuffled_v0_gaussian64_ebra,8,macro_relative_frobenius,0.3207010914491871,0.2774633431223148,0.3638900227611741,macro across held-out finger-count domains,100
shuffled_v0_gaussian64_ebra,8,physical_valid_rate,1.0,1.0,1.0,macro across held-out finger-count domains,100
shuffled_v0_gaussian64_ebra,8,paired_gain_vs_target_control,0.005617244167810562,-0.08338453033453054,0.08854294423756556,macro across held-out finger-count domains,100
shuffled_v0_gaussian64_ebra,16,macro_component_log_mae,0.3596274457094298,0.29458136084277925,0.4300529464162689,macro across held-out finger-count domains,100
shuffled_v0_gaussian64_ebra,16,macro_relative_frobenius,0.28194916593210134,0.2450762391390181,0.32140160892209235,macro across held-out finger-count domains,100
shuffled_v0_gaussian64_ebra,16,physical_valid_rate,1.0,1.0,1.0,macro across held-out finger-count domains,100
shuffled_v0_gaussian64_ebra,16,paired_gain_vs_target_control,-0.030110782048154795,-0.09139800144091571,0.029632523250621188,macro across held-out finger-count domains,100
shuffled_v0_gaussian64_ebra,32,macro_component_log_mae,0.3308404115841649,0.273755235132124,0.39929978207519257,macro across held-out finger-count domains,100
shuffled_v0_gaussian64_ebra,32,macro_relative_frobenius,0.26319248217876323,0.2354953703038011,0.2976270654473619,macro across held-out finger-count domains,100
shuffled_v0_gaussian64_ebra,32,physical_valid_rate,1.0,1.0,1.0,macro across held-out finger-count domains,100
shuffled_v0_gaussian64_ebra,32,paired_gain_vs_target_control,-0.04110112448791532,-0.07958702218400092,-0.003463596120901477,macro across held-out finger-count domains,100
shuffled_v0_gaussian64_ebra,64,macro_component_log_mae,0.3143591944410432,0.257868784057081,0.38007108026499603,macro across held-out finger-count domains,100
shuffled_v0_gaussian64_ebra,64,macro_relative_frobenius,0.24904046836045496,0.22302476945829763,0.2780379088265466,macro across held-out finger-count domains,100
shuffled_v0_gaussian64_ebra,64,physical_valid_rate,1.0,1.0,1.0,macro across held-out finger-count domains,100
shuffled_v0_gaussian64_ebra,64,paired_gain_vs_target_control,-0.0350955873781731,-0.05691987202027293,-0.014429035258563573,macro across held-out finger-count domains,100
shuffled_v0_gaussian64_ebra,128,macro_component_log_mae,0.30301176142949227,0.2462385427986268,0.3717753817481637,macro across held-out finger-count domains,100
shuffled_v0_gaussian64_ebra,128,macro_relative_frobenius,0.24027309029061605,0.21142621470967396,0.2690645733164,macro across held-out finger-count domains,100
shuffled_v0_gaussian64_ebra,128,physical_valid_rate,1.0,1.0,1.0,macro across held-out finger-count domains,100
shuffled_v0_gaussian64_ebra,128,paired_gain_vs_target_control,-0.027838993179106458,-0.04681439225078748,-0.011986202355414024,macro across held-out finger-count domains,100
source_active_gds_ebra,0,macro_component_log_mae,0.9038622032249126,0.851159264309799,0.9562466787434184,macro across held-out finger-count domains,100
source_active_gds_ebra,0,macro_relative_frobenius,0.6360212741895185,0.6008335369353196,0.6687344429400153,macro across held-out finger-count domains,100
source_active_gds_ebra,0,physical_valid_rate,1.0,1.0,1.0,macro across held-out finger-count domains,100
source_active_gds_ebra,1,macro_component_log_mae,0.680757592897069,0.6339943004810057,0.7320501713478657,macro across held-out finger-count domains,100
source_active_gds_ebra,1,macro_relative_frobenius,0.5592391947175865,0.49212023423251894,0.6376813050532826,macro across held-out finger-count domains,100
source_active_gds_ebra,1,physical_valid_rate,1.0,1.0,1.0,macro across held-out finger-count domains,100
source_active_gds_ebra,1,paired_gain_vs_target_control,0.3905630696465437,0.2891428631601769,0.5190101800460378,macro across held-out finger-count domains,100
source_active_gds_ebra,2,macro_component_log_mae,0.6547077018165303,0.5904575485612381,0.7460691879268435,macro across held-out finger-count domains,100
source_active_gds_ebra,2,macro_relative_frobenius,0.6298340493900592,0.4972603968530541,0.8101197937964439,macro across held-out finger-count domains,100
source_active_gds_ebra,2,physical_valid_rate,1.0,1.0,1.0,macro across held-out finger-count domains,100
source_active_gds_ebra,2,paired_gain_vs_target_control,0.19718352790160565,0.12250214013890434,0.2825393150901624,macro across held-out finger-count domains,100
source_active_gds_ebra,4,macro_component_log_mae,0.6171155866092225,0.5232660319803448,0.749859447102253,macro across held-out finger-count domains,100
source_active_gds_ebra,4,macro_relative_frobenius,0.6800466329357672,0.5006310805794298,0.9342350872593983,macro across held-out finger-count domains,100
source_active_gds_ebra,4,physical_valid_rate,1.0,1.0,1.0,macro across held-out finger-count domains,100
source_active_gds_ebra,4,paired_gain_vs_target_control,-0.0024157145106519784,-0.06634827435812977,0.06357052131901486,macro across held-out finger-count domains,100
source_active_gds_ebra,8,macro_component_log_mae,0.5507548226863024,0.4180632300610617,0.7651945820192008,macro across held-out finger-count domains,100
source_active_gds_ebra,8,macro_relative_frobenius,0.5153235061344054,0.40369329261475617,0.6734481569126712,macro across held-out finger-count domains,100
source_active_gds_ebra,8,physical_valid_rate,1.0,1.0,1.0,macro across held-out finger-count domains,100
source_active_gds_ebra,8,paired_gain_vs_target_control,-0.13093119105574852,-0.2644290183837232,-0.052893021277719145,macro across held-out finger-count domains,100
source_active_gds_ebra,16,macro_component_log_mae,0.39982160029931435,0.2942314048770087,0.582136178720215,macro across held-out finger-count domains,100
source_active_gds_ebra,16,macro_relative_frobenius,0.3448800737142272,0.2381682065427444,0.4954608963880334,macro across held-out finger-count domains,100
source_active_gds_ebra,16,physical_valid_rate,1.0,1.0,1.0,macro across held-out finger-count domains,100
source_active_gds_ebra,16,paired_gain_vs_target_control,-0.07030493663803941,-0.17279755495836172,-0.0057665158853800035,macro across held-out finger-count domains,100
source_active_gds_ebra,32,macro_component_log_mae,0.2927951298907867,0.19775485479984353,0.43903138606673775,macro across held-out finger-count domains,100
source_active_gds_ebra,32,macro_relative_frobenius,0.22000225094741288,0.14486546874962694,0.34318164499171533,macro across held-out finger-count domains,100
source_active_gds_ebra,32,physical_valid_rate,1.0,1.0,1.0,macro across held-out finger-count domains,100
source_active_gds_ebra,32,paired_gain_vs_target_control,-0.0030558427945370824,-0.08397159650478542,0.05574010449628025,macro across held-out finger-count domains,100
source_active_gds_ebra,64,macro_component_log_mae,0.24520007785856643,0.1591764489832057,0.3867904521248414,macro across held-out finger-count domains,100
source_active_gds_ebra,64,macro_relative_frobenius,0.18692254900695507,0.11092633589188393,0.3140818635241563,macro across held-out finger-count domains,100
source_active_gds_ebra,64,physical_valid_rate,1.0,1.0,1.0,macro across held-out finger-count domains,100
source_active_gds_ebra,64,paired_gain_vs_target_control,0.03406352920430365,-0.04267126886850781,0.09305018627416996,macro across held-out finger-count domains,100
source_active_gds_ebra,128,macro_component_log_mae,0.21500531367095682,0.1367586287490153,0.34988842495005235,macro across held-out finger-count domains,100
source_active_gds_ebra,128,macro_relative_frobenius,0.1523076521777492,0.09079875218943452,0.24925710916139546,macro across held-out finger-count domains,100
source_active_gds_ebra,128,physical_valid_rate,1.0,1.0,1.0,macro across held-out finger-count domains,100
source_active_gds_ebra,128,paired_gain_vs_target_control,0.060167454579428944,-0.014728337273647136,0.11807158642764323,macro across held-out finger-count domains,100
source_all_cached_descriptors_ebra,0,macro_component_log_mae,1.3141535194401488,1.212726404667635,1.4206067429373381,macro across held-out finger-count domains,100
source_all_cached_descriptors_ebra,0,macro_relative_frobenius,1.1960792068345891,0.775013690171531,1.6798033870160212,macro across held-out finger-count domains,100
source_all_cached_descriptors_ebra,0,physical_valid_rate,1.0,1.0,1.0,macro across held-out finger-count domains,100
source_all_cached_descriptors_ebra,1,macro_component_log_mae,0.6273944376615694,0.5160392254483666,0.7556471586375607,macro across held-out finger-count domains,100
source_all_cached_descriptors_ebra,1,macro_relative_frobenius,0.5301488257075613,0.399166021684468,0.6814580791379886,macro across held-out finger-count domains,100
source_all_cached_descriptors_ebra,1,physical_valid_rate,1.0,1.0,1.0,macro across held-out finger-count domains,100
source_all_cached_descriptors_ebra,1,paired_gain_vs_target_control,0.4439262248820433,0.31852943789810184,0.5739397609555417,macro across held-out finger-count domains,100
source_all_cached_descriptors_ebra,2,macro_component_log_mae,0.5485410126233867,0.4614740744858299,0.6571204764302053,macro across held-out finger-count domains,100
source_all_cached_descriptors_ebra,2,macro_relative_frobenius,0.5136979813300628,0.38969177431958496,0.6530933098067456,macro across held-out finger-count domains,100
source_all_cached_descriptors_ebra,2,physical_valid_rate,1.0,1.0,1.0,macro across held-out finger-count domains,100
source_all_cached_descriptors_ebra,2,paired_gain_vs_target_control,0.3033502170947492,0.22509874061143906,0.3895889362770463,macro across held-out finger-count domains,100
source_all_cached_descriptors_ebra,4,macro_component_log_mae,0.49367548194466887,0.422608206649438,0.5932832026297764,macro across held-out finger-count domains,100
source_all_cached_descriptors_ebra,4,macro_relative_frobenius,0.488061496738854,0.3834534775367594,0.6012306321204325,macro across held-out finger-count domains,100
source_all_cached_descriptors_ebra,4,physical_valid_rate,1.0,1.0,1.0,macro across held-out finger-count domains,100
source_all_cached_descriptors_ebra,4,paired_gain_vs_target_control,0.12102439015390165,0.06195672214950353,0.18601236772103236,macro across held-out finger-count domains,100
source_all_cached_descriptors_ebra,8,macro_component_log_mae,0.4374107068670618,0.35836612143253466,0.5784204425640946,macro across held-out finger-count domains,100
source_all_cached_descriptors_ebra,8,macro_relative_frobenius,0.36211336250149884,0.31217508933657034,0.43069392684095215,macro across held-out finger-count domains,100
source_all_cached_descriptors_ebra,8,physical_valid_rate,1.0,1.0,1.0,macro across held-out finger-count domains,100
source_all_cached_descriptors_ebra,8,paired_gain_vs_target_control,-0.017587075236508137,-0.07669149513862385,0.0368275555386365,macro across held-out finger-count domains,100
source_all_cached_descriptors_ebra,16,macro_component_log_mae,0.33094387690962246,0.276409665540109,0.4257141368696524,macro across held-out finger-count domains,100
source_all_cached_descriptors_ebra,16,macro_relative_frobenius,0.26259678033835165,0.21501409933627066,0.3216108331563657,macro across held-out finger-count domains,100
source_all_cached_descriptors_ebra,16,physical_valid_rate,1.0,1.0,1.0,macro across held-out finger-count domains,100
source_all_cached_descriptors_ebra,16,paired_gain_vs_target_control,-0.0014272132483475364,-0.03130820572167749,0.02907020035051216,macro across held-out finger-count domains,100
source_all_cached_descriptors_ebra,32,macro_component_log_mae,0.2591081134711182,0.19818599815363236,0.3490374844914696,macro across held-out finger-count domains,100
source_all_cached_descriptors_ebra,32,macro_relative_frobenius,0.20727643092483175,0.1564581014556133,0.2666925416174552,macro across held-out finger-count domains,100
source_all_cached_descriptors_ebra,32,physical_valid_rate,1.0,1.0,1.0,macro across held-out finger-count domains,100
source_all_cached_descriptors_ebra,32,paired_gain_vs_target_control,0.03063117362513144,-0.005769816063894644,0.062479449453856584,macro across held-out finger-count domains,100
source_all_cached_descriptors_ebra,64,macro_component_log_mae,0.23429909838166857,0.15989167539956378,0.3550962440302424,macro across held-out finger-count domains,100
source_all_cached_descriptors_ebra,64,macro_relative_frobenius,0.19247069763839816,0.12348173210354434,0.2828844199115428,macro across held-out finger-count domains,100
source_all_cached_descriptors_ebra,64,physical_valid_rate,1.0,1.0,1.0,macro across held-out finger-count domains,100
source_all_cached_descriptors_ebra,64,paired_gain_vs_target_control,0.044964508681201554,-0.011300420215786741,0.09414010025991805,macro across held-out finger-count domains,100
source_all_cached_descriptors_ebra,128,macro_component_log_mae,0.19993545323861422,0.1371121402332805,0.30045826637089007,macro across held-out finger-count domains,100
source_all_cached_descriptors_ebra,128,macro_relative_frobenius,0.15386748463789432,0.0962882762636915,0.23976117503862043,macro across held-out finger-count domains,100
source_all_cached_descriptors_ebra,128,physical_valid_rate,1.0,1.0,1.0,macro across held-out finger-count domains,100
source_all_cached_descriptors_ebra,128,paired_gain_vs_target_control,0.0752373150117716,0.02854777275139646,0.11814165117448873,macro across held-out finger-count domains,100
source_control_ebra,0,macro_component_log_mae,0.5187297608668194,0.4717505365130299,0.5820821128237456,macro across held-out finger-count domains,100
source_control_ebra,0,macro_relative_frobenius,0.37835749231238036,0.35782035292713404,0.39919397480447316,macro across held-out finger-count domains,100
source_control_ebra,0,physical_valid_rate,1.0,1.0,1.0,macro across held-out finger-count domains,100
source_control_ebra,0,paired_gain_vs_shuffled_source,0.43834043642733445,0.2337912236780253,0.6384753034654362,macro across held-out finger-count domains,100
source_control_ebra,1,macro_component_log_mae,0.6222093905640625,0.5440782325269982,0.70301171658566,macro across held-out finger-count domains,100
source_control_ebra,1,macro_relative_frobenius,0.9175602784669443,0.70665277653037,1.2000636094481605,macro across held-out finger-count domains,100
source_control_ebra,1,physical_valid_rate,1.0,1.0,1.0,macro across held-out finger-count domains,100
source_control_ebra,1,paired_gain_vs_target_control,0.44911127197955025,0.3528003673749637,0.5873687866068911,macro across held-out finger-count domains,100
source_control_ebra,1,paired_gain_vs_shuffled_source,0.02358225502680552,-0.02614737859069741,0.07764765553054756,macro across held-out finger-count domains,100
source_control_ebra,2,macro_component_log_mae,0.5267877495080808,0.466669689036391,0.5966727779458592,macro across held-out finger-count domains,100
source_control_ebra,2,macro_relative_frobenius,0.6582130145299827,0.5134475114179804,0.837614260748529,macro across held-out finger-count domains,100
source_control_ebra,2,physical_valid_rate,1.0,1.0,1.0,macro across held-out finger-count domains,100
source_control_ebra,2,paired_gain_vs_target_control,0.32510348021005525,0.24837201385520033,0.4158338925034344,macro across held-out finger-count domains,100
source_control_ebra,2,paired_gain_vs_shuffled_source,-0.007598665617266828,-0.06470090412643309,0.050160536716039025,macro across held-out finger-count domains,100
source_control_ebra,4,macro_component_log_mae,0.43008083378908274,0.3774978825688115,0.4999400642817107,macro across held-out finger-count domains,100
source_control_ebra,4,macro_relative_frobenius,0.4055194020788905,0.37166677563309336,0.4376562974401602,macro across held-out finger-count domains,100
source_control_ebra,4,physical_valid_rate,1.0,1.0,1.0,macro across held-out finger-count domains,100
source_control_ebra,4,paired_gain_vs_target_control,0.18461903830948784,0.1424662984997422,0.22983056411557443,macro across held-out finger-count domains,100
source_control_ebra,4,paired_gain_vs_shuffled_source,0.019471045738235642,-0.009095644620737722,0.05083558504211213,macro across held-out finger-count domains,100
source_control_ebra,8,macro_component_log_mae,0.3562415977348533,0.30049077832925924,0.43621436225978627,macro across held-out finger-count domains,100
source_control_ebra,8,macro_relative_frobenius,0.3035958961088316,0.2736813796836374,0.3380616001420988,macro across held-out finger-count domains,100
source_control_ebra,8,physical_valid_rate,1.0,1.0,1.0,macro across held-out finger-count domains,100
source_control_ebra,8,paired_gain_vs_target_control,0.06358203389570043,0.027074422932005158,0.09981974553320044,macro across held-out finger-count domains,100
source_control_ebra,8,paired_gain_vs_shuffled_source,0.015264147217221233,-0.00034582951549091344,0.02988481885488424,macro across held-out finger-count domains,100
source_control_ebra,16,macro_component_log_mae,0.3193997582324141,0.2664163489172212,0.396078004165539,macro across held-out finger-count domains,100
source_control_ebra,16,macro_relative_frobenius,0.2643012401493093,0.23344823897119044,0.29585145267185164,macro across held-out finger-count domains,100
source_control_ebra,16,physical_valid_rate,1.0,1.0,1.0,macro across held-out finger-count domains,100
source_control_ebra,16,paired_gain_vs_target_control,0.010116905428860751,-0.009629874699148333,0.03111664727949299,macro across held-out finger-count domains,100
source_control_ebra,16,paired_gain_vs_shuffled_source,0.0004997519456273174,-0.00767943936340965,0.008162475602450555,macro across held-out finger-count domains,100
source_control_ebra,32,macro_component_log_mae,0.29155671583788517,0.24182475717603932,0.36026551599664747,macro across held-out finger-count domains,100
source_control_ebra,32,macro_relative_frobenius,0.23846346923470207,0.209315521126795,0.27079111869603617,macro across held-out finger-count domains,100
source_control_ebra,32,physical_valid_rate,1.0,1.0,1.0,macro across held-out finger-count domains,100
source_control_ebra,32,paired_gain_vs_target_control,-0.00181742874163556,-0.016541666965230243,0.013522533513614593,macro across held-out finger-count domains,100
source_control_ebra,32,paired_gain_vs_shuffled_source,0.003062697993418008,-0.000989785523381514,0.006642804577557728,macro across held-out finger-count domains,100
source_control_ebra,64,macro_component_log_mae,0.2812870716399306,0.23154133789188688,0.3566788457577247,macro across held-out finger-count domains,100
source_control_ebra,64,macro_relative_frobenius,0.22794597646108966,0.1964451277490013,0.26365390267237265,macro across held-out finger-count domains,100
source_control_ebra,64,physical_valid_rate,1.0,1.0,1.0,macro across held-out finger-count domains,100
source_control_ebra,64,paired_gain_vs_target_control,-0.0020234645770604806,-0.009576147271278732,0.006173687399567515,macro across held-out finger-count domains,100
source_control_ebra,64,paired_gain_vs_shuffled_source,0.0031872060996719826,0.001436550532441415,0.004746133417413976,macro across held-out finger-count domains,100
source_control_ebra,128,macro_component_log_mae,0.27456208738694743,0.22373577899587646,0.3448049013057306,macro across held-out finger-count domains,100
source_control_ebra,128,macro_relative_frobenius,0.22303047201390003,0.18997298716925703,0.2588391305109776,macro across held-out finger-count domains,100
source_control_ebra,128,physical_valid_rate,1.0,1.0,1.0,macro across held-out finger-count domains,100
source_control_ebra,128,paired_gain_vs_target_control,0.0006106808634383303,-0.003942076548098627,0.006037186141536301,macro across held-out finger-count domains,100
source_control_ebra,128,paired_gain_vs_shuffled_source,0.0016879702120111153,0.000491029613473246,0.0028105805630510507,macro across held-out finger-count domains,100
source_control_foundation,0,macro_component_log_mae,0.5187297608668194,0.46845493543941796,0.5828693123829284,macro across held-out finger-count domains,100
source_control_foundation,0,macro_relative_frobenius,0.37835749231238036,0.3571995598152977,0.397855747359063,macro across held-out finger-count domains,100
source_control_foundation,0,physical_valid_rate,1.0,1.0,1.0,macro across held-out finger-count domains,100
source_control_foundation,1,macro_component_log_mae,0.5187297608668194,0.47011863030667767,0.5840146964135566,macro across held-out finger-count domains,100
source_control_foundation,1,macro_relative_frobenius,0.37835749231238036,0.3583875527831704,0.3981479579332624,macro across held-out finger-count domains,100
source_control_foundation,1,physical_valid_rate,1.0,1.0,1.0,macro across held-out finger-count domains,100
source_control_foundation,1,paired_gain_vs_target_control,0.5525909016767934,0.46427379465032637,0.6650249261923545,macro across held-out finger-count domains,100
source_control_foundation,2,macro_component_log_mae,0.5187297608668194,0.46874440782680743,0.5810556741395054,macro across held-out finger-count domains,100
source_control_foundation,2,macro_relative_frobenius,0.37835749231238036,0.358742634944322,0.3982600862539718,macro across held-out finger-count domains,100
source_control_foundation,2,physical_valid_rate,1.0,1.0,1.0,macro across held-out finger-count domains,100
source_control_foundation,2,paired_gain_vs_target_control,0.3331614688513164,0.2631391286150291,0.4112984607340222,macro across held-out finger-count domains,100
source_control_foundation,4,macro_component_log_mae,0.5187297608668194,0.47180145567088977,0.5807997459622415,macro across held-out finger-count domains,100
source_control_foundation,4,macro_relative_frobenius,0.37835749231238036,0.3584590286564113,0.39927440918306356,macro across held-out finger-count domains,100
source_control_foundation,4,physical_valid_rate,1.0,1.0,1.0,macro across held-out finger-count domains,100
source_control_foundation,4,paired_gain_vs_target_control,0.09597011123175106,0.04475447872331755,0.15799097945718624,macro across held-out finger-count domains,100
source_control_foundation,8,macro_component_log_mae,0.5187297608668194,0.46873606032823223,0.5797466147704831,macro across held-out finger-count domains,100
source_control_foundation,8,macro_relative_frobenius,0.37835749231238036,0.3580276992193285,0.3993659502315829,macro across held-out finger-count domains,100
source_control_foundation,8,physical_valid_rate,1.0,1.0,1.0,macro across held-out finger-count domains,100
source_control_foundation,8,paired_gain_vs_target_control,-0.09890612923626574,-0.14000778912116862,-0.05681238052470525,macro across held-out finger-count domains,100
source_control_foundation,16,macro_component_log_mae,0.5187297608668194,0.4706157862322492,0.5805464415635226,macro across held-out finger-count domains,100
source_control_foundation,16,macro_relative_frobenius,0.37835749231238036,0.3571531108188819,0.3986235185916489,macro across held-out finger-count domains,100
source_control_foundation,16,physical_valid_rate,1.0,1.0,1.0,macro across held-out finger-count domains,100
source_control_foundation,16,paired_gain_vs_target_control,-0.1892130972055446,-0.22845770787277217,-0.15289267910918647,macro across held-out finger-count domains,100
source_control_foundation,32,macro_component_log_mae,0.5187297608668194,0.4706628128483795,0.5863965282866491,macro across held-out finger-count domains,100
source_control_foundation,32,macro_relative_frobenius,0.37835749231238036,0.357998256468844,0.39927747450513357,macro across held-out finger-count domains,100
source_control_foundation,32,physical_valid_rate,1.0,1.0,1.0,macro across held-out finger-count domains,100
source_control_foundation,32,paired_gain_vs_target_control,-0.22899047377056983,-0.2693337379006966,-0.19005653921568613,macro across held-out finger-count domains,100
source_control_foundation,64,macro_component_log_mae,0.5187297608668194,0.46991790907060177,0.5833079383088384,macro across held-out finger-count domains,100
source_control_foundation,64,macro_relative_frobenius,0.37835749231238036,0.3576854794393851,0.3993976489125182,macro across held-out finger-count domains,100
source_control_foundation,64,physical_valid_rate,1.0,1.0,1.0,macro across held-out finger-count domains,100
source_control_foundation,64,paired_gain_vs_target_control,-0.2394661538039494,-0.2869304624017457,-0.19572196229158628,macro across held-out finger-count domains,100
source_control_foundation,128,macro_component_log_mae,0.5187297608668194,0.470722391942641,0.5818254920780347,macro across held-out finger-count domains,100
source_control_foundation,128,macro_relative_frobenius,0.37835749231238036,0.35898395168328673,0.3988631213880013,macro across held-out finger-count domains,100
source_control_foundation,128,physical_valid_rate,1.0,1.0,1.0,macro across held-out finger-count domains,100
source_control_foundation,128,paired_gain_vs_target_control,-0.24355699261643368,-0.29144421381239,-0.1989414604598777,macro across held-out finger-count domains,100
source_retrieval_2048_ebra,1,macro_component_log_mae,0.5566926117908861,0.49803110330239814,0.6369711379449885,macro across held-out finger-count domains,100
source_retrieval_2048_ebra,1,macro_relative_frobenius,0.5294105111780972,0.49603877782978045,0.5618634064501334,macro across held-out finger-count domains,100
source_retrieval_2048_ebra,1,physical_valid_rate,1.0,1.0,1.0,macro across held-out finger-count domains,100
source_retrieval_2048_ebra,1,paired_gain_vs_target_control,0.5146280507527266,0.4358446537329322,0.6125104043113998,macro across held-out finger-count domains,100
source_retrieval_2048_ebra,1,paired_gain_vs_shuffled_source,-0.0026815008035674117,-0.06725473011892186,0.07340497481778228,macro across held-out finger-count domains,100
source_retrieval_2048_ebra,2,macro_component_log_mae,0.47828684174048125,0.4354328151957176,0.5395563806003171,macro across held-out finger-count domains,100
source_retrieval_2048_ebra,2,macro_relative_frobenius,0.4790632102023843,0.45143143802910557,0.5082764399078187,macro across held-out finger-count domains,100
source_retrieval_2048_ebra,2,physical_valid_rate,1.0,1.0,1.0,macro across held-out finger-count domains,100
source_retrieval_2048_ebra,2,paired_gain_vs_target_control,0.37360438797765483,0.30309290668580424,0.46053001864793514,macro across held-out finger-count domains,100
source_retrieval_2048_ebra,2,paired_gain_vs_shuffled_source,0.010333513405673993,-0.04154957800341811,0.07020045906835552,macro across held-out finger-count domains,100
source_retrieval_2048_ebra,4,macro_component_log_mae,0.3892929720850564,0.33823254862047464,0.4634043927280624,macro across held-out finger-count domains,100
source_retrieval_2048_ebra,4,macro_relative_frobenius,0.3698199194482338,0.3382947599152683,0.40234719286216825,macro across held-out finger-count domains,100
source_retrieval_2048_ebra,4,physical_valid_rate,1.0,1.0,1.0,macro across held-out finger-count domains,100
source_retrieval_2048_ebra,4,paired_gain_vs_target_control,0.2254069000135141,0.1725252193344127,0.2776145483260809,macro across held-out finger-count domains,100
source_retrieval_2048_ebra,4,paired_gain_vs_shuffled_source,0.05453414949292258,0.02319294257863012,0.08970610643698132,macro across held-out finger-count domains,100
source_retrieval_2048_ebra,8,macro_component_log_mae,0.31546426531007327,0.2593762178468454,0.39102737133746945,macro across held-out finger-count domains,100
source_retrieval_2048_ebra,8,macro_relative_frobenius,0.2674725590543797,0.22968361093594716,0.30990875300543996,macro across held-out finger-count domains,100
source_retrieval_2048_ebra,8,physical_valid_rate,1.0,1.0,1.0,macro across held-out finger-count domains,100
source_retrieval_2048_ebra,8,paired_gain_vs_target_control,0.10435936632048046,0.05851575152622061,0.14995168931358782,macro across held-out finger-count domains,100
source_retrieval_2048_ebra,8,paired_gain_vs_shuffled_source,0.04770438419859686,0.0282345453393013,0.07110120479256461,macro across held-out finger-count domains,100
source_retrieval_2048_ebra,16,macro_component_log_mae,0.2930040054379872,0.24247157790167748,0.3593452186547209,macro across held-out finger-count domains,100
source_retrieval_2048_ebra,16,macro_relative_frobenius,0.242189768710967,0.20455914887877918,0.2852061945010101,macro across held-out finger-count domains,100
source_retrieval_2048_ebra,16,physical_valid_rate,1.0,1.0,1.0,macro across held-out finger-count domains,100
source_retrieval_2048_ebra,16,paired_gain_vs_target_control,0.03651265822328771,0.0035695707893670264,0.07459147221156182,macro across held-out finger-count domains,100
source_retrieval_2048_ebra,16,paired_gain_vs_shuffled_source,0.01404069742946622,0.0038406642732891293,0.029246298533513605,macro across held-out finger-count domains,100
source_retrieval_2048_ebra,32,macro_component_log_mae,0.2804620975349871,0.23015304503897743,0.3440403685142278,macro across held-out finger-count domains,100
source_retrieval_2048_ebra,32,macro_relative_frobenius,0.2245419561984725,0.1922579217218805,0.2646404239588216,macro across held-out finger-count domains,100
source_retrieval_2048_ebra,32,physical_valid_rate,1.0,1.0,1.0,macro across held-out finger-count domains,100
source_retrieval_2048_ebra,32,paired_gain_vs_target_control,0.009277189561262573,-0.01687927126055014,0.03695334630645371,macro across held-out finger-count domains,100
source_retrieval_2048_ebra,32,paired_gain_vs_shuffled_source,0.0033771112750762187,-0.004563772813748103,0.011901085909664991,macro across held-out finger-count domains,100
source_retrieval_2048_ebra,64,macro_component_log_mae,0.27871112961024525,0.22865165017577327,0.3415619703895139,macro across held-out finger-count domains,100
source_retrieval_2048_ebra,64,macro_relative_frobenius,0.22261367017193612,0.18703233469352606,0.26077419370901234,macro across held-out finger-count domains,100
source_retrieval_2048_ebra,64,physical_valid_rate,1.0,1.0,1.0,macro across held-out finger-count domains,100
source_retrieval_2048_ebra,64,paired_gain_vs_target_control,0.0005524774526248632,-0.01656034695772263,0.019903555178266873,macro across held-out finger-count domains,100
source_retrieval_2048_ebra,64,paired_gain_vs_shuffled_source,0.0011699637618681146,-0.005231990275328634,0.005646771963421049,macro across held-out finger-count domains,100
source_retrieval_2048_ebra,128,macro_component_log_mae,0.27572240892629163,0.22621195336533523,0.3418086475731443,macro across held-out finger-count domains,100
source_retrieval_2048_ebra,128,macro_relative_frobenius,0.22116999730896475,0.18282775775864235,0.26411660124738684,macro across held-out finger-count domains,100
source_retrieval_2048_ebra,128,physical_valid_rate,1.0,1.0,1.0,macro across held-out finger-count domains,100
source_retrieval_2048_ebra,128,paired_gain_vs_target_control,-0.0005496406759058533,-0.013981379025966046,0.014349272106250425,macro across held-out finger-count domains,100
source_retrieval_2048_ebra,128,paired_gain_vs_shuffled_source,0.0010213459184019121,-0.004688590080417099,0.005144119805982616,macro across held-out finger-count domains,100
target_active_gds_specialist,1,macro_component_log_mae,1.1210229014916009,0.9692609652287454,1.3365364687018486,macro across held-out finger-count domains,100
target_active_gds_specialist,1,macro_relative_frobenius,0.8193884453344505,0.6040539790396444,1.0664169879878937,macro across held-out finger-count domains,100
target_active_gds_specialist,1,physical_valid_rate,1.0,1.0,1.0,macro across held-out finger-count domains,100
target_active_gds_specialist,1,paired_gain_vs_target_control,-0.049702238947987934,-0.11666419153533421,0.017827350020330656,macro across held-out finger-count domains,100
target_active_gds_specialist,2,macro_component_log_mae,0.9207175136797561,0.7966182510306616,1.0663804850894454,macro across held-out finger-count domains,100
target_active_gds_specialist,2,macro_relative_frobenius,0.5115355613993547,0.3846267729795576,0.6461366626404073,macro across held-out finger-count domains,100
target_active_gds_specialist,2,physical_valid_rate,1.0,1.0,1.0,macro across held-out finger-count domains,100
target_active_gds_specialist,2,paired_gain_vs_target_control,-0.0688262839616202,-0.13447043797344368,-0.00013911460470948024,macro across held-out finger-count domains,100
target_active_gds_specialist,4,macro_component_log_mae,0.560194425772135,0.45266507600611106,0.7093293547254094,macro across held-out finger-count domains,100
target_active_gds_specialist,4,macro_relative_frobenius,0.29690989348577995,0.24167503842766824,0.35948773131538864,macro across held-out finger-count domains,100
target_active_gds_specialist,4,physical_valid_rate,1.0,1.0,1.0,macro across held-out finger-count domains,100
target_active_gds_specialist,4,paired_gain_vs_target_control,0.05450544632643556,0.0026476628477924654,0.09489777249797836,macro across held-out finger-count domains,100
target_active_gds_specialist,8,macro_component_log_mae,0.34020123054145807,0.257854451314699,0.4683103001687099,macro across held-out finger-count domains,100
target_active_gds_specialist,8,macro_relative_frobenius,0.20718541187189246,0.16839773284519968,0.258429019984598,macro across held-out finger-count domains,100
target_active_gds_specialist,8,physical_valid_rate,1.0,1.0,1.0,macro across held-out finger-count domains,100
target_active_gds_specialist,8,paired_gain_vs_target_control,0.07962240108909566,0.045116264007105944,0.10364606461738193,macro across held-out finger-count domains,100
target_active_gds_specialist,16,macro_component_log_mae,0.2589879443339477,0.19975434079459017,0.35577773726323264,macro across held-out finger-count domains,100
target_active_gds_specialist,16,macro_relative_frobenius,0.17045279138711758,0.14061902701085918,0.21161367745857085,macro across held-out finger-count domains,100
target_active_gds_specialist,16,physical_valid_rate,1.0,1.0,1.0,macro across held-out finger-count domains,100
target_active_gds_specialist,16,paired_gain_vs_target_control,0.07052871932732721,0.050927325108072845,0.0873401375386429,macro across held-out finger-count domains,100
target_active_gds_specialist,32,macro_component_log_mae,0.2143789196490084,0.16738865302619815,0.2942464464942623,macro across held-out finger-count domains,100
target_active_gds_specialist,32,macro_relative_frobenius,0.14221015292830214,0.11604780737234868,0.17691829441755236,macro across held-out finger-count domains,100
target_active_gds_specialist,32,physical_valid_rate,1.0,1.0,1.0,macro across held-out finger-count domains,100
target_active_gds_specialist,32,paired_gain_vs_target_control,0.0753603674472412,0.06000830048520415,0.09039591858517577,macro across held-out finger-count domains,100
target_active_gds_specialist,64,macro_component_log_mae,0.19507778009001403,0.1519051949846942,0.26805193478802536,macro across held-out finger-count domains,100
target_active_gds_specialist,64,macro_relative_frobenius,0.12716598955855266,0.10344768516272146,0.16317988245527826,macro across held-out finger-count domains,100
target_active_gds_specialist,64,physical_valid_rate,1.0,1.0,1.0,macro across held-out finger-count domains,100
target_active_gds_specialist,64,paired_gain_vs_target_control,0.08418582697285606,0.06323637536534489,0.10616276583934657,macro across held-out finger-count domains,100
target_active_gds_specialist,128,macro_component_log_mae,0.18222427751263962,0.14130874765787163,0.2499530475392407,macro across held-out finger-count domains,100
target_active_gds_specialist,128,macro_relative_frobenius,0.11817360147326932,0.09490904167447864,0.15091031862111337,macro across held-out finger-count domains,100
target_active_gds_specialist,128,physical_valid_rate,1.0,1.0,1.0,macro across held-out finger-count domains,100
target_active_gds_specialist,128,paired_gain_vs_target_control,0.09294849073774618,0.06960451525303109,0.11523412958146605,macro across held-out finger-count domains,100
target_control_scratch,1,macro_component_log_mae,1.071320662543613,0.9490523145008627,1.2412403402693573,macro across held-out finger-count domains,100
target_control_scratch,1,macro_relative_frobenius,0.6446983102702837,0.5347228884447836,0.7935481243702538,macro across held-out finger-count domains,100
target_control_scratch,1,physical_valid_rate,1.0,1.0,1.0,macro across held-out finger-count domains,100
target_control_scratch,1,paired_gain_vs_target_control,0.0,0.0,0.0,macro across held-out finger-count domains,100
target_control_scratch,2,macro_component_log_mae,0.851891229718136,0.7526400538234372,0.9902765500462452,macro across held-out finger-count domains,100
target_control_scratch,2,macro_relative_frobenius,0.5684106650756293,0.502737408138957,0.6415689826896551,macro across held-out finger-count domains,100
target_control_scratch,2,physical_valid_rate,1.0,1.0,1.0,macro across held-out finger-count domains,100
target_control_scratch,2,paired_gain_vs_target_control,0.0,0.0,0.0,macro across held-out finger-count domains,100
target_control_scratch,4,macro_component_log_mae,0.6146998720985706,0.5255613583003768,0.7221268798671173,macro across held-out finger-count domains,100
target_control_scratch,4,macro_relative_frobenius,0.39596075824384325,0.3637359843196454,0.4377565117950986,macro across held-out finger-count domains,100
target_control_scratch,4,physical_valid_rate,1.0,1.0,1.0,macro across held-out finger-count domains,100
target_control_scratch,4,paired_gain_vs_target_control,0.0,0.0,0.0,macro across held-out finger-count domains,100
target_control_scratch,8,macro_component_log_mae,0.4198236316305537,0.3540128105954279,0.5233894147354593,macro across held-out finger-count domains,100
target_control_scratch,8,macro_relative_frobenius,0.28184664544014576,0.25654484374199227,0.30800971696247187,macro across held-out finger-count domains,100
target_control_scratch,8,physical_valid_rate,1.0,1.0,1.0,macro across held-out finger-count domains,100
target_control_scratch,8,paired_gain_vs_target_control,0.0,0.0,0.0,macro across held-out finger-count domains,100
target_control_scratch,16,macro_component_log_mae,0.3295166636612749,0.2720515392143293,0.4143778412783805,macro across held-out finger-count domains,100
target_control_scratch,16,macro_relative_frobenius,0.2418637784266861,0.21440931247363376,0.27431488167071544,macro across held-out finger-count domains,100
target_control_scratch,16,physical_valid_rate,1.0,1.0,1.0,macro across held-out finger-count domains,100
target_control_scratch,16,paired_gain_vs_target_control,0.0,0.0,0.0,macro across held-out finger-count domains,100
target_control_scratch,32,macro_component_log_mae,0.28973928709624963,0.23806910863294423,0.36578122599683816,macro across held-out finger-count domains,100
target_control_scratch,32,macro_relative_frobenius,0.22713912923802618,0.19557932371510903,0.2648373609257798,macro across held-out finger-count domains,100
target_control_scratch,32,physical_valid_rate,1.0,1.0,1.0,macro across held-out finger-count domains,100
target_control_scratch,32,paired_gain_vs_target_control,0.0,0.0,0.0,macro across held-out finger-count domains,100
target_control_scratch,64,macro_component_log_mae,0.2792636070628701,0.22892112719628513,0.35469951746972284,macro across held-out finger-count domains,100
target_control_scratch,64,macro_relative_frobenius,0.22295476597902572,0.18665182163287258,0.2611336116357128,macro across held-out finger-count domains,100
target_control_scratch,64,physical_valid_rate,1.0,1.0,1.0,macro across held-out finger-count domains,100
target_control_scratch,64,paired_gain_vs_target_control,0.0,0.0,0.0,macro across held-out finger-count domains,100
target_control_scratch,128,macro_component_log_mae,0.2751727682503858,0.22244717201704708,0.3478126282372768,macro across held-out finger-count domains,100
target_control_scratch,128,macro_relative_frobenius,0.2217741104492783,0.18559444530829391,0.2655249604944619,macro across held-out finger-count domains,100
target_control_scratch,128,physical_valid_rate,1.0,1.0,1.0,macro across held-out finger-count domains,100
target_control_scratch,128,paired_gain_vs_target_control,0.0,0.0,0.0,macro across held-out finger-count domains,100
target_v0_gaussian64_scratch,1,macro_component_log_mae,1.071320662543613,0.9474654458383582,1.2432376322617982,macro across held-out finger-count domains,100
target_v0_gaussian64_scratch,1,macro_relative_frobenius,0.6446983102702837,0.5360751588210454,0.7818079883511069,macro across held-out finger-count domains,100
target_v0_gaussian64_scratch,1,physical_valid_rate,1.0,1.0,1.0,macro across held-out finger-count domains,100
target_v0_gaussian64_scratch,1,paired_gain_vs_target_control,0.0,0.0,0.0,macro across held-out finger-count domains,100
target_v0_gaussian64_scratch,2,macro_component_log_mae,0.8193534346844235,0.7162316872454128,0.9538275970346365,macro across held-out finger-count domains,100
target_v0_gaussian64_scratch,2,macro_relative_frobenius,0.5035171450779817,0.4593418869453741,0.5546296082279697,macro across held-out finger-count domains,100
target_v0_gaussian64_scratch,2,physical_valid_rate,1.0,1.0,1.0,macro across held-out finger-count domains,100
target_v0_gaussian64_scratch,2,paired_gain_vs_target_control,0.0325377950337125,0.014082426180018986,0.04965116907796832,macro across held-out finger-count domains,100
target_v0_gaussian64_scratch,4,macro_component_log_mae,0.6101553078927189,0.5221043528417797,0.7252922559410685,macro across held-out finger-count domains,100
target_v0_gaussian64_scratch,4,macro_relative_frobenius,0.4042628691387778,0.36316573975302524,0.44917140506751374,macro across held-out finger-count domains,100
target_v0_gaussian64_scratch,4,physical_valid_rate,1.0,1.0,1.0,macro across held-out finger-count domains,100
target_v0_gaussian64_scratch,4,paired_gain_vs_target_control,0.004544564205851748,-0.020434268932030215,0.02884010811883566,macro across held-out finger-count domains,100
target_v0_gaussian64_scratch,8,macro_component_log_mae,0.4461502412399151,0.3797616846475504,0.5433383430151648,macro across held-out finger-count domains,100
target_v0_gaussian64_scratch,8,macro_relative_frobenius,0.31047288664512707,0.28057537718990644,0.34090202589580165,macro across held-out finger-count domains,100
target_v0_gaussian64_scratch,8,physical_valid_rate,1.0,1.0,1.0,macro across held-out finger-count domains,100
target_v0_gaussian64_scratch,8,paired_gain_vs_target_control,-0.026326609609361295,-0.04596077810100522,-0.00915771152964334,macro across held-out finger-count domains,100
target_v0_gaussian64_scratch,16,macro_component_log_mae,0.3492873575222638,0.29157007175648264,0.4318111511016937,macro across held-out finger-count domains,100
target_v0_gaussian64_scratch,16,macro_relative_frobenius,0.25401322201352916,0.2348525849317994,0.27326895437321136,macro across held-out finger-count domains,100
target_v0_gaussian64_scratch,16,physical_valid_rate,1.0,1.0,1.0,macro across held-out finger-count domains,100
target_v0_gaussian64_scratch,16,paired_gain_vs_target_control,-0.019770693860988967,-0.0325320149092727,-0.009000420185835188,macro across held-out finger-count domains,100
target_v0_gaussian64_scratch,32,macro_component_log_mae,0.304742114131651,0.2531126628102892,0.37920343361993225,macro across held-out finger-count domains,100
target_v0_gaussian64_scratch,32,macro_relative_frobenius,0.23254889822259198,0.2155056025127841,0.2497937269557342,macro across held-out finger-count domains,100
target_v0_gaussian64_scratch,32,physical_valid_rate,1.0,1.0,1.0,macro across held-out finger-count domains,100
target_v0_gaussian64_scratch,32,paired_gain_vs_target_control,-0.015002827035401355,-0.022366956760784068,-0.008410202765213377,macro across held-out finger-count domains,100
target_v0_gaussian64_scratch,64,macro_component_log_mae,0.28868257515978857,0.23710806221043038,0.3599701209509272,macro across held-out finger-count domains,100
target_v0_gaussian64_scratch,64,macro_relative_frobenius,0.2202256757043875,0.202880337196553,0.23802425610603742,macro across held-out finger-count domains,100
target_v0_gaussian64_scratch,64,physical_valid_rate,1.0,1.0,1.0,macro across held-out finger-count domains,100
target_v0_gaussian64_scratch,64,paired_gain_vs_target_control,-0.009418968096918461,-0.013390223758416838,-0.005436151405809926,macro across held-out finger-count domains,100
target_v0_gaussian64_scratch,128,macro_component_log_mae,0.28199893355652916,0.23094473019018819,0.35029813900795476,macro across held-out finger-count domains,100
target_v0_gaussian64_scratch,128,macro_relative_frobenius,0.2185799250257665,0.197845083097299,0.23783532755890752,macro across held-out finger-count domains,100
target_v0_gaussian64_scratch,128,physical_valid_rate,1.0,1.0,1.0,macro across held-out finger-count domains,100
target_v0_gaussian64_scratch,128,paired_gain_vs_target_control,-0.0068261653061433905,-0.01034811045163011,-0.0031337507446268743,macro across held-out finger-count domains,100
v0_gaussian64_ebra,0,macro_component_log_mae,1.6134731914568303,1.47212076848181,1.735458729357504,macro across held-out finger-count domains,100
v0_gaussian64_ebra,0,macro_relative_frobenius,0.8143551401925062,0.7916498016859576,0.83416001856048,macro across held-out finger-count domains,100
v0_gaussian64_ebra,0,physical_valid_rate,1.0,1.0,1.0,macro across held-out finger-count domains,100
v0_gaussian64_ebra,0,paired_gain_vs_shuffled_source,-0.64800025757019,-0.7441813026074805,-0.5591900366644866,macro across held-out finger-count domains,100
v0_gaussian64_ebra,1,macro_component_log_mae,0.7770960110102997,0.6792014376578899,0.892048576383151,macro across held-out finger-count domains,100
v0_gaussian64_ebra,1,macro_relative_frobenius,0.5212135527832054,0.47772972929263263,0.5670511270515418,macro across held-out finger-count domains,100
v0_gaussian64_ebra,1,physical_valid_rate,1.0,1.0,1.0,macro across held-out finger-count domains,100
v0_gaussian64_ebra,1,paired_gain_vs_target_control,0.29422465153331306,0.10810791225260342,0.4937505064227072,macro across held-out finger-count domains,100
v0_gaussian64_ebra,1,paired_gain_vs_shuffled_source,-0.1659997323971662,-0.21949271043413532,-0.10466013556878795,macro across held-out finger-count domains,100
v0_gaussian64_ebra,2,macro_component_log_mae,0.6279336688376723,0.5279841626138213,0.7427521610734433,macro across held-out finger-count domains,100
v0_gaussian64_ebra,2,macro_relative_frobenius,0.4368123900215101,0.38502293812812644,0.4944335230205504,macro across held-out finger-count domains,100
v0_gaussian64_ebra,2,physical_valid_rate,1.0,1.0,1.0,macro across held-out finger-count domains,100
v0_gaussian64_ebra,2,paired_gain_vs_target_control,0.2239575608804636,0.06370251835942504,0.40293867383524545,macro across held-out finger-count domains,100
v0_gaussian64_ebra,2,paired_gain_vs_shuffled_source,-0.06988912557706968,-0.12125940837059261,-0.0114046678651937,macro across held-out finger-count domains,100
v0_gaussian64_ebra,4,macro_component_log_mae,0.5488438443435293,0.45366854918770433,0.6467133969758029,macro across held-out finger-count domains,100
v0_gaussian64_ebra,4,macro_relative_frobenius,0.40837141893161233,0.36250252211353073,0.4554252449079115,macro across held-out finger-count domains,100
v0_gaussian64_ebra,4,physical_valid_rate,1.0,1.0,1.0,macro across held-out finger-count domains,100
v0_gaussian64_ebra,4,paired_gain_vs_target_control,0.06585602775504132,-0.08073971186250332,0.1965520157692519,macro across held-out finger-count domains,100
v0_gaussian64_ebra,4,paired_gain_vs_shuffled_source,-0.061020836962146975,-0.10004012896809758,-0.020336195232569784,macro across held-out finger-count domains,100
v0_gaussian64_ebra,8,macro_component_log_mae,0.46904649309929003,0.38190165693062167,0.5632759366649227,macro across held-out finger-count domains,100
v0_gaussian64_ebra,8,macro_relative_frobenius,0.3641906943960883,0.3201159951615633,0.4106708839705414,macro across held-out finger-count domains,100
v0_gaussian64_ebra,8,physical_valid_rate,1.0,1.0,1.0,macro across held-out finger-count domains,100
v0_gaussian64_ebra,8,paired_gain_vs_target_control,-0.04922286146873628,-0.16423415076306772,0.04953928302311743,macro across held-out finger-count domains,100
v0_gaussian64_ebra,8,paired_gain_vs_shuffled_source,-0.05484010563654684,-0.08150459745869475,-0.032893845835564046,macro across held-out finger-count domains,100
v0_gaussian64_ebra,16,macro_component_log_mae,0.4042854046974277,0.3318118256772942,0.4882930798307953,macro across held-out finger-count domains,100
v0_gaussian64_ebra,16,macro_relative_frobenius,0.3302248127904793,0.2891757891065871,0.3749934112829491,macro across held-out finger-count domains,100
v0_gaussian64_ebra,16,physical_valid_rate,1.0,1.0,1.0,macro across held-out finger-count domains,100
v0_gaussian64_ebra,16,paired_gain_vs_target_control,-0.07476874103615275,-0.15552569793718676,-0.0018622689647529978,macro across held-out finger-count domains,100
v0_gaussian64_ebra,16,paired_gain_vs_shuffled_source,-0.04465795898799796,-0.0681062514141765,-0.023879140306369694,macro across held-out finger-count domains,100
v0_gaussian64_ebra,32,macro_component_log_mae,0.35768170366457197,0.29464187028961053,0.4267707842668285,macro across held-out finger-count domains,100
v0_gaussian64_ebra,32,macro_relative_frobenius,0.29784678007577914,0.2660307657284329,0.3325830121400456,macro across held-out finger-count domains,100
v0_gaussian64_ebra,32,physical_valid_rate,1.0,1.0,1.0,macro across held-out finger-count domains,100
v0_gaussian64_ebra,32,paired_gain_vs_target_control,-0.06794241656832234,-0.12160536292772547,-0.020950935863052574,macro across held-out finger-count domains,100
v0_gaussian64_ebra,32,paired_gain_vs_shuffled_source,-0.02684129208040703,-0.043244327439157085,-0.013851140234873723,macro across held-out finger-count domains,100
v0_gaussian64_ebra,64,macro_component_log_mae,0.3278634950149265,0.26970252020570346,0.3977310575861953,macro across held-out finger-count domains,100
v0_gaussian64_ebra,64,macro_relative_frobenius,0.2686755626241437,0.24198204148790203,0.2991542347256876,macro across held-out finger-count domains,100
v0_gaussian64_ebra,64,physical_valid_rate,1.0,1.0,1.0,macro across held-out finger-count domains,100
v0_gaussian64_ebra,64,paired_gain_vs_target_control,-0.0485998879520564,-0.07913806716227831,-0.023650707816821995,macro across held-out finger-count domains,100
v0_gaussian64_ebra,64,paired_gain_vs_shuffled_source,-0.01350430057388329,-0.022888128740931185,-0.006654580692161431,macro across held-out finger-count domains,100
v0_gaussian64_ebra,128,macro_component_log_mae,0.306586075470786,0.25103725943622646,0.37670401051593805,macro across held-out finger-count domains,100
v0_gaussian64_ebra,128,macro_relative_frobenius,0.2485307332652377,0.22207466397348294,0.2765087685673163,macro across held-out finger-count domains,100
v0_gaussian64_ebra,128,physical_valid_rate,1.0,1.0,1.0,macro across held-out finger-count domains,100
v0_gaussian64_ebra,128,paired_gain_vs_target_control,-0.031413307220400165,-0.052522367887343394,-0.015086622006627208,macro across held-out finger-count domains,100
v0_gaussian64_ebra,128,paired_gain_vs_shuffled_source,-0.0035743140412937044,-0.0062442792814015515,-0.00152344057075494,macro across held-out finger-count domains,100
